<?xml version="1.0"?>
<skin version="1.1" name="Five" author="LongTail Video">

	<components>
		<component name="controlbar">
			<settings>
				<setting name="margin" value="10" />
				<setting name="fontsize" value="11" />
				<setting name="fontcolor" value="0xE5E5E5" />
			</settings>

			<layout>
				<group position="left">
					<button name="play" />
					<divider name="divider" />
					<button name="stop" />
					<divider name="divider" />
				</group>
				<group position="center">
				</group>
				<group position="right">
					<divider name="divider" />
					<button name="mute" />
					<slider name="volume" />
					<divider name="divider" />
					<button name="fullscreen" />
				</group>
			</layout>

			<elements>
				<element name="background" src="back.png" />
				<element name="divider" src="divider.png" />
				<element name="capLeft" src="cap.png" />
				<element name="capRight" src="cap.png" />
				<element name="playButton" src="play.png" />
				<element name="pauseButton" src="pause.png" />
				<element name="timeSliderRail" src="timeRail.png" />
				<element name="timeSliderBuffer" src="timeBuffer.png" />
				<element name="timeSliderProgress" src="timeProgress.png" />
				<element name="timeSliderThumb" src="timeThumb.png" />
				<element name="muteButton" src="mute.png" />
				<element name="unmuteButton" src="unmute.png" />
				<element name="volumeSliderRail" src="volumeRail.png" />
				<element name="volumeSliderProgress" src="volumeProgress.png" />
				<element name="volumeSliderCapRight" src="spacer.png" />
				<element name="fullscreenButton" src="fullscreen.png" />
				<element name="normalscreenButton" src="normalscreen.png" />
			</elements>
		</component>

		<component name="display">
			<elements>
				<element name="background" src="back.png" />
				<element name="playIcon" src="play.png" />
				<element name="muteIcon" src="mute.png" />
				<element name="errorIcon" src="error.png" />
				<element name="bufferIcon" src="buffer.png" />
			</elements>
		</component>

		<component name="dock">
			<settings>
				<setting name="fontcolor" value="0xffffff" />
			</settings>
			<elements>
				<element name="button" src="back.png" />
			</elements>
		</component>

		<component name="playlist">
			<settings>
				<setting name="backgroundcolor" value="0x000000" />
				<setting name="fontcolor" value="0xe5e5e5" />
			</settings>
			<elements>
				<element name="item" src="item.png" />
				<element name="itemOver" src="itemOver.png" />
				<element name="sliderCapTop" src="cap.png" />
				<element name="sliderRail" src="rail.png" />
				<element name="sliderThumb" src="thumb.png" />
				<element name="sliderCapBottom" src="cap.png" />
			</elements>
		</component>
	</components>

</skin>